{"command": "perform the moves for each buoy", "timestamp": 1764260254.7801154, "processed": true, "processing_started": true, "processing_timestamp": 1764260254.8540802, "completed_timestamp": 1764260254.8567872}